Id,AUrl,ATitle,ASnippet,BUrl,BTitle,BSnippet
0,www.allmusic.com/artist/sufjan-stevens-mn0000580300,"Sufjan Stevens | Biography, Albums, & Streaming Radio ...","Find Sufjan Stevens bio, music, credits, awards, & streaming radio on AllMusic - Critically feted indie pop singer/songwriter who…",www.rollingstone.com/music/artists/sufjan-stevens,Sufjan Stevens | Rolling Stone,"Sufjan Stevens on Rolling Stone, your trusted source for the latest artist news, bio, & reviews."
1,www.imdb.com/name/nm0346360,José Luis Guerín - IMDb,"José Luis Guerín, Director: Dans la ville de Sylvia. José Luis Guerín was born in 1960 in Barcelona, Barcelona, Catalonia, Spain. He is a director and writer ...",https://www.fandor.com/filmmakers/director-jose-luis-guerin-661,Watch the films directed by José Luis Guerín on Fandor,"Filmmaker José Luis Guerín, maker of In the City of Sylvia and other Social Realism, Romantic Drama, French and Spanish films"
2,www.imdb.com/name/nm1017334,Juno Temple - IMDb,"Juno Temple, Actress: The Dark Knight Rises. Juno was born in England into a showbiz family. Her mother is a producer, Amanda Temple, and her father is the film ...",https://www.linkedin.com/in/juno-temple-32152375,Juno Temple | LinkedIn,"View Juno Temple’s professional profile on LinkedIn. LinkedIn is the world's largest business network, helping professionals like Juno Temple discover inside ..."
3,https://www.linkedin.com/in/kathywolfe,Kathy Wolfe | LinkedIn,"View Kathy Wolfe’s professional profile on LinkedIn. LinkedIn is the world's largest business network, helping professionals like Kathy Wolfe discover inside ...",https://twitter.com/RepWolfeMoore,Kathy Wolfe Moore (@RepWolfeMoore) | Twitter,The latest Tweets from Kathy Wolfe Moore (@RepWolfeMoore). Representative for the 36th District serving the Western area of Wyandotte County. #ksleg #WYCO. Kansas ...
4,https://www.linkedin.com/in/mipetersen,Mikael Petersen | LinkedIn,"View Mikael Petersen’s professional profile on LinkedIn. LinkedIn is the world's largest business network, helping professionals like Mikael Petersen discover ...",https://www.researchgate.net/profile/Mikael_Petersen,Mikael Agerlin Petersen (University of Copenhagen ...,"Mikael Agerlin Petersen of University of Copenhagen, Copenhagen with expertise in Food Science is on ResearchGate. Read 98 publications, and contact Mikael Agerlin ..."
5,https://www.travelchinaguide.com/attraction/hebei/qinhuangdao/beidaihe.htm,"Beidaihe Scenic Area, Qinhuangdao, Hebei","Beidaihe Scenic Spot is a famous summer resort. It is located in the southwest of Qinhuangdao City. Its coastline, seaside attractions and convenient transportation ...",https://www.tripadvisor.com/Attraction_Review-g297430-d503339...,"Beidaihe Summer Resort (Qinhuangdao, China): Top Tips ...","Beidaihe Summer Resort, Qinhuangdao: See 854 reviews, articles, and 184 photos of Beidaihe Summer Resort, ranked No.1 on TripAdvisor among 19 attractions ..."
6,https://twitter.com/LeClairRyan,LeClairRyan (@LeClairRyan) | Twitter,LeClairRyan @ LeClairRyan. An entrepreneurial law firm providing trusted business counsel and client representation in matters of corporate law and litigation.,https://commercialobserver.com/tag/leclairryan,LeClairRyan | Commercial Observer,"Articles about LeClairRyan from Commercial Observer, New York’s authority on commercial real estate leasing, financing, deals and culture."
7,https://au.linkedin.com/in/marcelo-abud-33982013,Marcelo Abud | LinkedIn,"View Marcelo Abud’s professional profile on LinkedIn. LinkedIn is the world's largest business network, helping professionals like Marcelo Abud discover inside ...",https://in.linkedin.com/in/marcelo-aq-534a8128,Marcelo (Aq) | LinkedIn,"View Marcelo (Aq)’s professional profile on LinkedIn. LinkedIn is the world's largest business network, helping professionals like Marcelo (Aq) discover inside ..."
8,www.imdb.com/name/nm0767741,Tom Savini - IMDb,"Tom Savini, Actor: The Perks of Being a Wallflower. Inspired by the film Man of a Thousand Faces (1957), a young Tom Savini became fascinated with the magic and ...",https://twitter.com/THETomSavini,Tom Savini (@THETomSavini) | Twitter,"3,607 tweets • 223 photos/videos • 28.9K followers. ""Took my family on a mini vacation to Wildwood, N.J. Last weekend. We had an absolute blast! https://t.co ..."
9,www.imdb.com/name/nm0682998,Andrew Pifko - IMDb,"Andrew Pifko, Actor: The Godfather. Andrew Pifko is an actor and writer, known for The Godfather (2006), The Visual Bible: The Gospel of John (2003) and Rainbow Six ...",https://www.linkedin.com/in/andrew-pifko-0b364a11,Andrew Pifko | LinkedIn,"View Andrew Pifko’s professional profile on LinkedIn. LinkedIn is the world's largest business network, helping professionals like Andrew Pifko discover inside ..."
10,https://www.linkedin.com/in/anthony-duruji-597342100,Anthony Duruji | LinkedIn,"View Anthony Duruji’s professional profile on LinkedIn. LinkedIn is the world's largest business network, helping professionals like Anthony Duruji discover inside ...",www.scout.com/player/207724-anthony-duruji,"Anthony Duruji, St. Andrew's Episcopal School PF - Scout",Anthony Duruji is a combination forward that possesses tremendous all around athleticism. Duruji is quick off his feet and a bouncy athlete that runs the floor with ease.
11,https://twitter.com/susannecraig,Susanne Craig (@susannecraig) | Twitter,"The latest Tweets from Susanne Craig (@susannecraig). Political reporter for @nytmetro. Ex WSJ, Globe & Mail. Canadian. Here you will find stuff on city & state and ...",topics.nytimes.com/top/reference/timestopics/people/c/susanne_craig,Susanne Craig - The New York Times,"Susanne Craig currently covers government and politics. Ms. Craig joined The Times in 2010 to cover Wall Street As Albany Bureau Chief, Ms. Craig wrote about almost ..."
12,www.imdb.com/name/nm0229424,Edward Dmytryk - IMDb,"Edward Dmytryk, Director: The Caine Mutiny. Edward Dmytryk grew up in San Francisco, the son of Ukrainian immigrants. After his mother died when he was 6, his strict ...",projects.latimes.com/hollywood/star-walk/edward-dmytryk,Edward Dmytryk - Hollywood Star Walk - Los Angeles Times,"Find the location of Edward Dmytryk's star on the Hollywood Walk of Fame, read a biography, see related stars and browse a map of important places in their career."
13,www.goldmanprize.org/recipient/laila-iskandar-kamel,Laila Iskandar - Goldman Environmental Foundation,"Laila Iskandar’s work with the zabbaleen garbage collectors of Cairo demonstrated that large-scale recycling programs offer employment, generate income and improve ...",https://www.linkedin.com/in/laila-iskandar-2212b4b5,Laila Iskandar | LinkedIn,"View Laila Iskandar’s professional profile on LinkedIn. LinkedIn is the world's largest business network, helping professionals like Laila Iskandar discover inside ..."
14,https://www.linkedin.com/in/lucy-mckenzie-6805192a,Lucy McKenzie | LinkedIn,"Lucy McKenzie is a Consultant at Energy and Environmental Economics (E3), where she focuses on distributed energy resources, especially electric vehicles.",www.artnet.com/artists/lucy-mckenzie,Lucy McKenzie | artnet,"Find artworks for sale and information related to Lucy McKenzie (Scottish, 1977-) on artnet. Browse gallery artworks, auctions, art events, biography details, news ..."
15,https://www.linkedin.com/in/jctolla,John C. Tolla | LinkedIn,John Tolla is an experienced senior manager who specializes in designing and implementing compliance-driven business plans for a wide-ranging set of objectives.,https://www.researchgate.net/profile/John_Tolla,"John Tolla (Booz Allen Hamilton, Virginia) on ResearchGate ...","John Tolla of Booz Allen Hamilton, Virginia with expertise in Material and Methods, Projects, Other is on ResearchGate. Contact John Tolla on ResearchGate, the ..."
16,247sports.com/Player/Rodney-Adams-16809,"Rodney Adams, USF, Wide Receiver - NFL, College Sports ...","Rodney Adams is a 6-1, 172-pound Wide Receiver from Saint Petersburg, FL. He is ranked No. 248 in the country by 247Sports. Adams is the No. 33 recruit in...",https://www.realestate.com.au/agent/rodney-adams-378076,Rodney Adams - Gartland Property - Geelong - realestate.com.au,"Profile of Rodney Adams from Gartland Property - Geelong. View Rodney's real estate for sale, rentals, and sold properties."
17,www.imdb.com/name/nm4521673,Jeff Wasserburger - IMDb,"Jeff Wasserburger, Actor: Barkman. Jeff Wasserburger is an actor and producer, known for Barkman (2016), The Metal Detector (2016) and Funny Videos USA (2011).",https://www.linkedin.com/in/jeffrey-wasserburger-93330b27,Jeffrey Wasserburger | LinkedIn,"View Jeffrey Wasserburger’s professional profile on LinkedIn. LinkedIn is the world's largest business network, helping professionals like Jeffrey Wasserburger ..."
18,https://www.linkedin.com/in/rbehnke,Rob Behnke | LinkedIn,"View Rob Behnke’s professional profile on LinkedIn. LinkedIn is the world's largest business network, helping professionals like Rob Behnke discover inside ...",https://www.researchgate.net/profile/Rob_Behnke,Rob Behnke (University of Natural Resources and Life ...,"Rob Behnke of University of Natural Resources and Life Science Vienna, Vienna with expertise in Biological Anthropology, Biogeography, Ecology is on ResearchGate."
19,https://www.linkedin.com/in/emilyfcalhoun,Emily Calhoun | LinkedIn,"View Emily Calhoun’s professional profile on LinkedIn. LinkedIn is the world's largest business network, helping professionals like Emily Calhoun discover inside ...",www.imdb.com/name/nm4070208,Emily Calhoun - IMDb,"Emily Calhoun, Casting Department: The Amazing Race ... GET INFORMED. Industry information at your fingertips. GET CONNECTED. Over 200,000 Hollywood insiders"
20,https://www.mylife.com/michele-rutsey/michele_rutsey,"Michele Rutsey (Marie), 51 - Ypsilanti, MI | MyLife.com®","Michele Rutsey (Marie), 51 - Ypsilanti, MI. View in depth free public information, contact info & photos on anyone like Ypsilanti MI resident Michele Rutsey (Marie)",https://www.linkedin.com/in/mark-e-rutsey-sra-12a44787,"Mark E. Rutsey, SRA | LinkedIn","View Mark E. Rutsey, SRA’S professional profile on LinkedIn. LinkedIn is the world's largest business network, helping professionals like Mark E. Rutsey, SRA ..."
21,https://www.linkedin.com/in/patti-putnicki-03398717,Patti Putnicki | LinkedIn,"View Patti Putnicki’s professional profile on LinkedIn. LinkedIn is the world's largest business network, helping professionals like Patti Putnicki discover inside ...",https://www.linkedin.com/companies/patti-putnicki-freelance-writer,"Patti Putnicki, Freelance Writer | LinkedIn","Learn about working at Patti Putnicki, Freelance Writer. Join LinkedIn today for free. See who you know at Patti Putnicki, Freelance Writer, leverage your ..."
22,www.espncricinfo.com/india/content/player/537124.html,Gurkeerat Singh Mann | India Cricket | Cricket Players and ...,Gurkeerat Singh Mann's Cricinfo profile ... Gurkeerat Singh's stocks as an allrounder rose significantly in 2015 through displays of his big-match temperament.,www.ndtv.com/topic/gurkeerat-singh-mann,"Gurkeerat Singh Mann: Latest News, Photos, Videos on ...","Find Gurkeerat Singh Mann Latest News, Videos & Pictures on Gurkeerat Singh Mann and see latest updates, news, information from NDTV.COM. Explore more on Gurkeerat ..."
23,www.cnet.com/profiles/wcunning,"Wayne Cunningham, Managing Editor / Roadshow - CNET","Find out more about Wayne Cunningham, Managing Editor / Roadshow, and see articles, reviews, videos and comments on CNET by Wayne Cunningham.",https://au.linkedin.com/in/wayne-cunningham-7277b144,WAYNE CUNNINGHAM | LinkedIn,"View WAYNE CUNNINGHAM’S professional profile on LinkedIn. LinkedIn is the world's largest business network, helping professionals like WAYNE CUNNINGHAM discover ..."
24,https://www.water.wa.gov.au,Home [www.water.wa.gov.au],"The Department of Water invites you to participate in discussions on creating innovative solutions to water ... Click here for information about water quality, ...",sfwater.org/index.aspx?page=163,San Francisco Public Utilities Commission : Water Quality,Water Quality Fact Sheets Fact sheets are now available for various water quality subjects such as algal toxins and dirty water. Additional sheets to be added in the ...
25,https://www.linkedin.com/in/brian-leonhardt-b4413a86,Brian Leonhardt | LinkedIn,"View Brian Leonhardt’s professional profile on LinkedIn. LinkedIn is the world's largest business network, helping professionals like Brian Leonhardt discover ...",sports.yahoo.com/nfl/players/27065,Brian Leonhardt - Yahoo Sports,"The latest stats, facts, news and notes on Brian Leonhardt of the Minnesota Vikings"
26,https://www.linkedin.com/in/gladys-quinto-marrone-jd-cae-503a5633,"Gladys Quinto Marrone, JD, CAE | LinkedIn","View Gladys Quinto Marrone, JD, CAE’S professional profile on LinkedIn. LinkedIn is the world's largest business network, helping professionals like Gladys Quinto ...",https://cz.linkedin.com/in/enrico-marrone-5ba21553,Enrico Marrone | LinkedIn,"Zobrazit profesní profil uživatele Enrico Marrone na LinkedIn LinkedIn je největší světová obchodní síť pomáhající ... Gladys Quinto Marrone, ..."
27,https://twitter.com/cyrilthereau,Cyril Théréau (@cyrilthereau) | Twitter,"The latest Tweets from Cyril Théréau (@cyrilthereau). Cyril Théréau is a French professional football player. He played for Steaua Bucuresti, RSCA Anderlecht ...",www.espnfc.com/player/87322/cyril-thereau,Cyril Thereau Player Profile - ESPN FC,"Cyril Thereau Position: Forward Height: 6'2"" (1.89m) Weight: 172 lbs (78 kg) age: 33 DOB: April 24, 1983"
28,https://www.linkedin.com/in/steve-debuhr-ab2034101,Steve DeBuhr | LinkedIn,"View Steve DeBuhr’s professional profile on LinkedIn. LinkedIn is the world's largest business network, helping professionals like Steve DeBuhr discover inside ...",www.wherrymortuary.com/notices/Lyle-DeBuhr,Obituary for Lyle J DeBuhr | Wherry Mortuary,"Lyle J. DeBuhr was born on October 21, 1923 to John and Meta (Yelkin) DeBuhr on a farm southwest of Auburn near the Stone Church, rural Auburn, Nebraska."
29,https://www.linkedin.com/in/the-ethics-centre-6a21b258,The Ethics Centre | LinkedIn,"View The Ethics Centre’s professional profile on LinkedIn. LinkedIn is the world's largest business network, helping professionals like The Ethics Centre discover ...",https://ethicsinsociety.stanford.edu,Stanford Center for Ethics in Society,"The Center for Ethics in Society is committed to bringing ethical reflection to bear on important social problems through research, teaching and engagement."
30,https://www.linkedin.com/company/eyeka,eYeka | LinkedIn,"Learn about working at eYeka. Join LinkedIn today for free. See who you know at eYeka, leverage your professional network, and get hired.",https://twitter.com/eYeka,eYeka (@eYeka) | Twitter,"eYeka @ eYeka. eYeka is the world's biggest creative playground, connecting brands and creatives from across the globe!"
31,https://twitter.com/AmirAmirani,Amir Amirani (@AmirAmirani) | Twitter,"The latest Tweets from Amir Amirani (@AmirAmirani). Film Maker, Journalist, possible academic and would be geek. London",www.imdb.com/name/nm2574381,Amir Amirani - IMDb,"Amir Amirani, Director: We Are Many. Amir Amirani is a director and producer, known for We Are Many (2014), Water Week (1998) and Nova (1974)."
32,https://www.linkedin.com/in/krishna-advani-57284929,krishna Advani | LinkedIn,"View krishna Advani’s professional profile on LinkedIn. LinkedIn is the world's largest business network, helping professionals like krishna Advani discover inside ...",www.ndtv.com/topic/lal-krishna-advani,"Lal Krishna Advani: Latest News, Photos, Videos on Lal ...","Find Lal Krishna Advani Latest News, Videos & Pictures on Lal Krishna Advani and see latest updates, news, information from NDTV.COM. Explore more on Lal Krishna Advani."
33,https://www.linkedin.com/in/triniti,Triniti Burton | LinkedIn,"View Triniti Burton’s professional profile on LinkedIn. LinkedIn is the world's largest business network, helping professionals like Triniti Burton discover inside ...",customerthink.com/author/triniti_burton,Triniti Burton | CustomerThink,"Triniti Burton Integrate. Triniti Burton is Marketing & Communications Director at Integrate. Once upon a time a sales rep, she now handles all things marketing and ..."
34,https://www.linkedin.com/in/mike-althoff-b0829a14,Mike Althoff | LinkedIn,"View Mike Althoff’s professional profile on LinkedIn. LinkedIn is the world's largest business network, helping professionals like Mike Althoff discover inside ...",https://twitter.com/schmalthoff,Michael Althoff (@schmalthoff) | Twitter,"The latest Tweets from Michael Althoff (@schmalthoff). Funny with a compulsive need to prove it. A joy to be around, really. New York, NY"
35,https://twitter.com/DmGlm,Nate Cole (@DmGlm) | Twitter,"The latest Tweets from Nate Cole (@DmGlm): ""just dropped a home recording of a new song called ""Sera"" on my soundcloud: https://t.co/CEFsuEj4xI""",www.imdb.com/name/nm1035227,Nate Cole - IMDb,"Nate Cole, Self: DreamChaser Tour. Nate is in a band called +1, after he joined he shortened his name from Nathan to Nate to save some confusion."
36,https://www.aclu.org/bio/mohamed-ahmed-ben-soud,Mohamed Ahmed Ben Soud | American Civil Liberties Union,"Mohamed Ahmed Ben Soud (formerly Mohamed Shoroeiya) is a Libyan citizen. Ben Soud fled Libya in 1991, fearing persecution over his involvement in a group opposed to ...",https://www.linkedin.com/in/mohamed-ahmed-30309561,mohamed ahmed | LinkedIn,"View mohamed ahmed’s professional profile on LinkedIn. LinkedIn is the world's largest business network, helping professionals like mohamed ahmed discover inside ..."
37,https://www.linkedin.com/in/sheriffscottisrael,Scott Israel | LinkedIn,Scott Israel was elected Sheriff of Broward County in November 2012. Upon taking office he redirected the Broward Sheriff's Office mission to focus on fighting ...,https://www.healthtap.com/experts/7982791-dr-scott-israel,"Dr. Scott Israel, Portland, OR - healthtap.com","Connect with Dr. Scott Israel, Portland, OR. Video chat, send a message, ask a text question, or make a virtual appointment on the doctor's Virtual Practice on HealthTap."
38,espn.go.com/college-football/player/_/id/530483/shaquille-powell,Shaquille Powell Stats - ESPN,Get the latest updated stats for Shaquille Powell on ESPN.com.,247sports.com/Player/Shaquille-Powell-39827,"Shaquille Powell, Georgia Military College, Offensive Guard","Shaquille Powell is a 6-3, 311-pound Offensive Guard from Milledgeville, GA. Powell has a 247Sports rating of 70, making him a 0-star prospect."
39,https://www.linkedin.com/in/ernest-earon-ba7a7b13,Ernest Earon | LinkedIn,"View Ernest Earon’s professional profile on LinkedIn. LinkedIn is the world's largest business network, helping professionals like Ernest Earon discover inside ...",www.tedxindianapolis.com/speakers/ernest-earon-phd,Ernest Earon - TEDxIndianapolis,"Ernest Earon (Raleigh, NC) Big Idea: Solving world problems from a bird’s eye view Doing more with less used to be a catchphrase, but now it’s a requirement."
40,www.advertisingweek.com,Advertising Week Hub / Home,"Advertising Week returns to New York, ... Europe Rhymes and Reason. ... industry experts suggest the space will grow to $18.2 billion in advertising revenue by 2019.",https://twitter.com/AW_Europe,AWEurope (@AW_Europe) | Twitter,"AWEurope @ AW_Europe. Save the Date! 20-24 March 2017. Europe's premier event for marketing, brand, advertising, and technology professionals."
41,https://www.linkedin.com/in/jaleel-robinson-95619689,Jaleel Robinson | LinkedIn,"View Jaleel Robinson’s professional profile on LinkedIn. LinkedIn is the world's largest business network, helping professionals like Jaleel Robinson discover ...",https://www.washingtonpost.com/pb/allmetsports/broad-run/jaleel-robinson/,"Jaleel Robinson, Broad Run - High School Sports - The ...","Jaleel Robinson. Schedule; Schools; Recruiting Insider; Report a Score; Rankings; Leaders; Standings; Recruit Watch; Broad Run. Jaleel Robinson. Size: 6'-2"" 190 lbs ..."
42,www.imdb.com/name/nm0193104,Mark Curry - IMDb,"Mark Curry, Actor: Hangin' with Mr. Cooper. A class clown since his earliest years, Mark quickly learned that a wild sense of humor could take him places. While ...",https://twitter.com/MARKCURRY,MARK CURRY (@MARKCURRY) | Twitter,"The latest Tweets from MARK CURRY (@MARKCURRY). Official Mark Curry Twitter account. Actor, Comedian & Businessman. and windowwasher. Oakland Calf"
43,cargocollective.com/jirka,Jirka Vinse Jonatan Väätäinen - Cargo,"graphic design, illustration & art direction ... 'REAL LIFE' DISNEY GIRLS . Digital Illustrations",https://twitter.com/JirkaVinse,Jirka Väätäinen (@JirkaVinse) | Twitter,"The latest Tweets from Jirka Väätäinen (@JirkaVinse). Creative Designer http://t.co/28cP6pU4JG. Helsinki, Finland"
44,https://twitter.com/TylerWardMusic,Tyler Ward (@tylerwardmusic) | Twitter,The latest Tweets from Tyler Ward (@tylerwardmusic). Moving on to better | Romans 8:28 | TWM Instagram/Snapchat: @TylerWardMusic. Denver / LA / Nashville,https://www.linkedin.com/in/tyler-ward-61b17811b,Tyler Ward | LinkedIn,"View Tyler Ward’s professional profile on LinkedIn. LinkedIn is the world's largest business network, helping professionals like Tyler Ward discover inside ..."
45,https://www.linkedin.com/in/ibrahim-mustapha-alibe-68aa14110,Ibrahim Mustapha Alibe | LinkedIn,"View Ibrahim Mustapha Alibe’s professional profile on LinkedIn. LinkedIn is the world's largest business network, helping professionals like Ibrahim Mustapha Alibe ...",https://uk.linkedin.com/in/aliyu-musa-kida-98981731,Aliyu Musa Kida | LinkedIn,"View Aliyu Musa Kida’s professional profile on LinkedIn. LinkedIn is the world's largest business network, helping professionals like Aliyu Musa Kida discover ..."
46,https://www.linkedin.com/in/tashina-green-b91b1764,TaShina Green | LinkedIn,"View TaShina Green’s professional profile on LinkedIn. LinkedIn is the world's largest business network, helping professionals like TaShina Green discover inside ...",www.usgbc.org/people/tashina-jirikovic/0010822121,Tashina Jirikovic | U.S. Green Building Council,Worth checking out: Tashina Jirikovic on www.usgbc.org
47,public-schools.startclass.com/l/30727/Tri-City-High-School,"Tri-city High School in Buffalo, IL | StartClass","Find information on Tri-City High School located in Buffalo, Illinois. See details on student-teacher ratio, student enrollment, reviews & ratings, and more.","www.maxpreps.com/high-schools/tri-city-tornadoes-(buffalo,il)/home.htm",Tri-City High School Home |MaxPreps,"Tri-City High School Mascot Tornadoes Type Co-Ed / Public AD Mr. H. David Bruno Address: 324 West Charles, Buffalo, IL 62515"
48,https://www.linkedin.com/in/carlallenbrown,Carl Brown | LinkedIn,"View Carl Brown’s professional profile on LinkedIn. LinkedIn is the world's largest business network, helping professionals like Carl Brown discover inside ...",https://twitter.com/carlbrownIH,Carl Brown (@carlbrownIH) | Twitter,"Carl Brown @ carlbrownIH. News Editor at Inside Housing magazine, Walthamstow resident, runner and Leicester City fan."
49,www.imdb.com/name/nm8235913,Veg Bar - IMDb,"Find showtimes, watch trailers, browse photos, track your Watchlist and rate your favorite movies and TV shows on your phone or tablet! IMDb Mobile site",https://www.tripadvisor.com/Restaurant_Review-g294309-d9756730...,"The Vegetable Bar, Cuenca - Restaurant Reviews, Phone ...","The Vegetable Bar, Cuenca: See 35 unbiased reviews of The Vegetable Bar, rated 4.5 of 5 on TripAdvisor and ranked #51 of 405 restaurants in Cuenca."
50,https://www.linkedin.com/in/ruben-morfin-53945146,Ruben Morfin | LinkedIn,"View Ruben Morfin’s professional profile on LinkedIn. LinkedIn is the world's largest business network, helping professionals like Ruben Morfin discover inside ...",www.breitbart.com/tag/ruben-morfin,Ruben Morfin Articles - Breitbart,"YORBA LINDA, CALIFORNIA — “I’ve been called a traitor” for speaking out against illegal immigration grieved mother and latina woman Angie Morfin enlightened ..."
51,https://www.linkedin.com/in/debidavis,Debi Davis | LinkedIn,"View Debi Davis’ professional profile on LinkedIn. LinkedIn is the world's largest business network, helping professionals like Debi Davis discover inside ...",https://twitter.com/DebDrive,Debi Davis (@DebDrive) | Twitter,The latest Tweets from Debi Davis (@DebDrive). Digital communication strategist and productivity enthusiast - Turning ideas into action. In your #DigitalNeighborhood.
52,https://twitter.com/hayesgrier,Hayes Grier (@HayesGrier) | Twitter,"6,759 tweets • 546 photos/videos • 3.54M followers. ""Back to the farm """,www.imdb.com/name/nm7550953,Hayes Grier - IMDb,"Hayes Grier, Self: Dancing with the Stars. Hayes Grier is an actor, known for Dancing with the Stars (2005), Good Morning America (1975) and The View (1997)."
53,https://www.linkedin.com/in/joyce-wright-9010681,Joyce Wright | LinkedIn,"View Joyce Wright’s professional profile on LinkedIn. LinkedIn is the world's largest business network, helping professionals like Joyce Wright discover inside ...",https://uk.linkedin.com/in/joycewright,Joyce Wright jwrightuk@gmail.com | LinkedIn,"View Joyce Wright jwrightuk@gmail.com’s professional profile on LinkedIn. LinkedIn is the world's largest business network, helping professionals like Joyce Wright ..."
54,www.simcorp.com,Integrated investment management solutions | SimCorp,"SimCorp’s award-winning IBOR solution is integrated across front-, middle- and back-offices, providing asset managers reliable up-to-date position data.",https://www.linkedin.com/company/simcorp,SimCorp | LinkedIn,"Learn about working at SimCorp. Join LinkedIn today for free. See who you know at SimCorp, leverage your professional network, and get hired."
55,https://www.linkedin.com/in/paulojsantos,"Paulo Santos, CAIA | LinkedIn","View Paulo Santos, CAIA’S professional profile on LinkedIn. LinkedIn is the world's largest business network, helping professionals like Paulo Santos, CAIA discover ...",https://pt.linkedin.com/in/paulopintosantos,Paulo Santos | LinkedIn,"Visualizar o perfil profissional de Paulo Santos no LinkedIn. O LinkedIn é a maior rede de negócios do mundo, que ajuda profissionais como Paulo Santos a descobrir ..."
56,https://www.linkedin.com/in/audrey-tayse-haynes-73a294b6,Audrey Tayse Haynes | LinkedIn,"Audrey Tayse Haynes. Former Secretary of the Cabinet for Health and Family Services for the Commonwealth of Kentucky. Location Frankfort, Kentucky",www.imdb.com/name/nm2826230,Audrey Tayse Haynes - IMDb,"Audrey Tayse Haynes, Self: To the Contrary ... LATEST HEADLINES. The Walking Dead Season 7 Trailer: More Negan, First Look at King Ezekiel"
57,https://www.linkedin.com/in/garrettjoshua,Joshua Garrett | LinkedIn,"View Joshua Garrett’s professional profile on LinkedIn. LinkedIn is the world's largest business network, helping professionals like Joshua Garrett discover inside ...",https://au.linkedin.com/in/josh-garrett-0467399a,Josh Garrett | LinkedIn,"View Josh Garrett’s professional profile on LinkedIn. LinkedIn is the world's largest business network, helping professionals like Josh Garrett discover inside ..."
58,https://www.linkedin.com/in/ashok-soni-7a8b4b24,Ashok Soni | LinkedIn,"View Ashok Soni’s professional profile on LinkedIn. LinkedIn is the world's largest business network, helping professionals like Ashok Soni discover inside ...",www.healthgrades.com/dentist/dr-ashok-soni-xnbm2,"Dr. Ashok Soni, MD - Hawthorne, NY - Obstetrics ...","Visit Healthgrades for information on Dr. Ashok Soni, MD Find Phone & Address information, medical practice history, affiliated hospitals and more."
59,https://www.tripadvisor.com/Hotel_Review-g60750-d223776-Reviews...,San Diego Marriott Del Mar (CA) - Hotel Reviews - TripAdvisor,"Book San Diego Marriott Del Mar, San Diego on TripAdvisor: See 544 traveler reviews, 164 candid photos, and great deals for San Diego Marriott Del Mar ...",www.resaver.com/hotel/17036288,San Diego Marriott Del Mar - Resaver.com,San Diego Marriott Del Mar 11966 El Camino Real San Diego CA 92130 Phone: ‎1-800-291-9434‎
60,https://www.linkedin.com/in/myanmar-national-airlines-9a5b00b3,Myanmar National Airlines | LinkedIn,Myanmar National Airlines is the national flag carrier of Myanmar and has the most extensive route network within our country. Our airline has been in existence for ...,economictimes.indiatimes.com/topic/Myanmar-National-Airlines,MYANMAR NATIONAL AIRLINES - The Economic Times,"Myanmar National Airlines Latest Breaking News, Pictures, Videos, and Special Reports from The Economic Times. Myanmar National Airlines Blogs, Comments and Archive ..."
61,www.imdb.com/name/nm0125540,Margherita Buy - IMDb,"Margherita Buy, Actress: Le fate ignoranti. Margherita Buy was born on January 15, 1962 in Rome, Lazio, Italy. She is an actress, known for Le fate ignoranti (2001 ...",https://www.bookdepository.com/Not-This-World-Margherita-Buy/...,Not of This World : Margherita Buy : 9780972520317,"Not of This World by Margherita Buy, 9780972520317, available at Book Depository with free delivery worldwide."
62,247sports.com/Player/Armanti-Foreman-12923,"Armanti Foreman, Texas, Wide Receiver - 247Sports","Armanti Foreman. Texas City, TX (Texas City) Wide Receiver. Ht 5-11 ; Wt 204; Age 20 yrs 3 mo ; ... Foreman Armanti - Highlight Videos - Hudl . 4/2/2013 . Edit; Delete",espn.go.com/college-football/player/_/id/3125115/armanti-foreman,"Armanti Foreman Stats, News, Videos, Pictures, Bio - Texas ...","Get the latest news, stats, videos, and more about Texas Longhorns wide receiver Armanti Foreman on ESPN.com."
63,https://www.linkedin.com/in/rafael-gutierrez-17315969,Rafael Gutierrez | LinkedIn,"View Rafael Gutierrez’s professional profile on LinkedIn. LinkedIn is the world's largest business network, helping professionals like Rafael Gutierrez discover ...",https://twitter.com/RALPH4lyf,Rafael A. Gutierrez (@RALPH4lyf) | Twitter,"Rafael A. Gutierrez @ RALPH4lyf. Hispanic Awaken hipster geek healthnut free thinking, emerging into my 30s with lots on my mind. Originally form Miami."
64,https://au.linkedin.com/in/julia-medew-3b834b35,Julia Medew | LinkedIn,"Julia Medew is a Walkley award winning journalist who writes for The Age, Sydney Morning Herald and other Fairfax Media publications. She writes news and features ...",https://twitter.com/juliamedew,julia medew (@juliamedew) | Twitter,The latest Tweets from julia medew (@juliamedew). Julia Medew is The Age's Health Editor. Views are my own. Phone 03 8667 3063 or email jmedew@theage.com.au
65,https://twitter.com/Textron,Textron Inc. (@Textron) | Twitter,"The latest Tweets from Textron Inc. (@Textron). Textron is known for its powerful brands such as Bell Helicopter, Cessna, Beechcraft, Hawker, Jacobsen, Kautex ...",usuaebusiness.org/members/textron-systems,Textron Systems - The U.S.-U.A.E. Business Council,"Textron Systems has been providing innovative solutions to the defense, homeland security and aerospace communities for more than 50 years. Known for its unmanned ..."
66,https://www.linkedin.com/in/john-teutsch-3786746,John Teutsch | LinkedIn,"View John Teutsch’s professional profile on LinkedIn. LinkedIn is the world's largest business network, helping professionals like John Teutsch discover inside ...",https://www.avvo.com/attorneys/98112-wa-john-teutsch-225769.html,"Lawyer John Teutsch - Seattle, WA - Avvo","John Teutsch is a Attorney in Seattle, WA. Click John’s profile to discover their Avvo Rating, write a review, and read professional endorsements."
67,https://www.linkedin.com/in/wael-abou-faour-37483291,Wael Abou Faour | LinkedIn,"View Wael Abou Faour’s professional profile on LinkedIn. LinkedIn is the world's largest business network, helping professionals like Wael Abou Faour discover ...",www.imdb.com/name/nm0009446,Wael Abu Bakr - IMDb,"Wael Abu Bakr. Contribute to IMDb. Add a bio, trivia, and more. Update information for Wael Abu Bakr » Quick Links. Biography; Awards; Message Boards; Photo Gallery;"
68,https://www.linkedin.com/in/frances-chung-23684615,Frances Chung | LinkedIn,"View Frances Chung’s professional profile on LinkedIn. LinkedIn is the world's largest business network, helping professionals like Frances Chung discover inside ...",https://www.researchgate.net/profile/Frances_Chung,"Frances Chung (University Health Network, Toronto) on ...","Frances Chung of University Health Network, Toronto with expertise in Anaesthetics is on ResearchGate. Read 421 publications, and contact Frances Chung on ..."
69,https://au.linkedin.com/in/jeremy-sharp-3824623a,Jeremy Sharp | LinkedIn,"View Jeremy Sharp’s professional profile on LinkedIn. LinkedIn is the world's largest business network, helping professionals like Jeremy Sharp discover inside ...",https://www.jisc.ac.uk/staff/jeremy-sharp,Jeremy Sharp | Jisc,"Media coverage. Bristol joins VIRTUS Data Centres University Business, July 2016. Here East connects to Janet network University Business, May 2016"
70,https://www.linkedin.com/in/tal-cohen-0a8a5551,Tal Cohen | LinkedIn,"View Tal Cohen’s professional profile on LinkedIn. LinkedIn is the world's largest business network, helping professionals like Tal Cohen discover inside ...",https://www.quora.com/profile/Tal-Cohen-1,Tal Cohen - Quora,"Yes. During second Lebanon war, the war between Israel and Lebanon in 2006. Hizbolla terrorists used to ride their bicycles along routes that contained missle launchers."
71,https://www.linkedin.com/in/david-cleaver-53847b21,David Cleaver | LinkedIn,"View David Cleaver’s professional profile on LinkedIn. LinkedIn is the world's largest business network, helping professionals like David Cleaver discover inside ...",waatp.com/people/david-o-cleaver/17669451,Who is David O Cleaver - (413) 245-2867 - Holland - MA ...,"Who is David O Cleaver - (413) 245-2867 - Holland - MA - waatp.com.See also David O Cleaver: pictures, social networks profiles, videos, weblinks, at blogs, at news ..."
72,www.allmusic.com/artist/foxygen-mn0002939749,"Foxygen | Biography, Albums, & Streaming Radio | AllMusic","Find Foxygen bio, music, credits, awards, & streaming radio on AllMusic - A classic rock-leaning experimental duo who…",https://twitter.com/foxygentheband,Foxygen (@foxygentheband) | Twitter,@foxygentheband is blocked. Are you sure you want to view these Tweets? Viewing Tweets won't unblock @foxygentheband. View Tweets
73,https://twitter.com/IngridNilsen,Ingrid Nilsen (@ingridnilsen) | Twitter,Ingrid Nilsen Verified account @ ingridnilsen. Curious mind. Adventurous heart. Eater of all the foodz. Haver of all the feelz. Snap: ingrid.nilsen,www.imdb.com/name/nm5760637,Ingrid Nilsen - IMDb,"Ingrid Nilsen, Self: Project Runway: Threads. Ingrid Nilsen is a director and actress, known for Project Runway: Threads (2014), The Meetup (2013) and YouTubers React ..."
74,https://www.linkedin.com/in/marti-jordan-54287963,Marti Jordan | LinkedIn,"View Marti Jordan’s professional profile on LinkedIn. LinkedIn is the world's largest business network, helping professionals like Marti Jordan discover inside ...",https://www.homelight.com/agents/marti-jordan-ca-01000627,Marti Jordan | Coldwell Banker Alliance | Whittier Real ...,"Get detailed statistics on homes bought and sold by Real Estate Agent Marti Jordan, and see Real Estate Agent reviews from recent clients in the Whittier area."
75,www.mtv.com/artists/atlas-genius,Atlas Genius | New Music And Songs | MTV,"Atlas Genius new music, concerts, photos, and official news updates directly from Atlas Genius's Twitter and Facebook.",https://twitter.com/atlasgenius,Atlas Genius (@atlasgenius) | Twitter,The latest Tweets from Atlas Genius (@atlasgenius). all tweets by @mikefantastic & @KeithWHJeffery. New album 'Inanimate Objects' out NOW! iTunes: https://t.co ...
76,https://au.linkedin.com/in/sandra-perez-47221557,Sandra Perez | LinkedIn,"View Sandra Perez’s professional profile on LinkedIn. LinkedIn is the world's largest business network, helping professionals like Sandra Perez discover inside ...",www.imdb.com/name/nm0702368,Sandra Pérez - IMDb,"Sandra Pérez, Actress: Love & Basketball. Sandra Pérez is an actress, known for Love & Basketball (2000), Entre amores (2000) and María Bonita (1995)."
77,https://www.linkedin.com/in/raed-arafat-7bb29730,Raed Arafat | LinkedIn,"View Raed Arafat’s professional profile on LinkedIn. LinkedIn is the world's largest business network, helping professionals like Raed Arafat discover inside ...",www.imdb.com/name/nm7453585,Raed Arafat - IMDb,"Raed Arafat. Contribute to IMDb. Add a bio, trivia, and more. Update information for Raed Arafat » Quick Links. Biography; Awards; Message Boards; Photo Gallery;"
78,https://www.linkedin.com/in/m-n-singh-2a009356,M.N Singh | LinkedIn,"View M.N Singh’s professional profile on LinkedIn. LinkedIn is the world's largest business network, helping professionals like M.N Singh discover inside ...",nalinisingh.com,Nalini Singh :: NYT bestselling author,"Nalini Singh’s Weblog. Cover Love: Wild Embrace - International Edition July 27, 2016. I'm THRILLED to share the GORGEOUS international cover for WILD EMBRACE!"
79,www.ufc.com/fighter/Roy-Nelson,Roy Nelson - Official UFC® Fighter Profile,"The Ultimate Fighter Season 10 winner Roy ""Big Country"" Nelson's official UFC fighter profile, with biography, news, skill breakdown, MMA fight record and career ...",https://twitter.com/roynelsonmma,Roy Nelson (@roynelsonmma) | Twitter,13.3K tweets • 271 photos/videos • 514K followers. Check out the latest Tweets from Roy Nelson (@roynelsonmma)
80,https://twitter.com/dg_report,Demand Gen Report (@DG_Report) | Twitter,"Demand Gen Report @ DG_Report. Demand Gen Report is a publication focusing exclusively on the strategies, tactics & measurements that are key to generating demand.",https://www.linkedin.com/company/demand-gen-report/employee-insights,Demand Gen Report | LinkedIn,Demand Gen Report is a targeted e-media publication spotlighting the strategies and solutions that help companies better align their sales and marketing organizations ...
81,www.airasia.com,AirAsia Berhad,"Regional airline serving Malaysia and south-east asian destinations. Provides flight, planes, corporate information and online booking. Head office in Sepang.",data.cnbc.com/quotes/AIRA-MY,AirAsia Bhd - AIRA-MY - Stock Quotes,"AirAsia Bhd, AIRA-MY real time stock quotes, news, videos at CNBC.com"
82,https://au.linkedin.com/in/sam-stretton-6728b4a,Sam Stretton | LinkedIn,"View Sam Stretton’s professional profile on LinkedIn. LinkedIn is the world's largest business network, helping professionals like Sam Stretton discover inside ...",www.imdb.com/name/nm5565452,Sam Stretton - IMDb,"Sam Stretton, Actor: A Phantom Ride 2.0. Sam Stretton is an actor, known for A Phantom Ride 2.0 (2010)."
83,https://uk.linkedin.com/in/alexander-carter-silk-8805193,Alexander Carter-Silk | LinkedIn,"View Alexander Carter-Silk’s professional profile on LinkedIn. LinkedIn is the world's largest business network, helping professionals like Alexander Carter-Silk ...",www.imdb.com/name/nm2959525,Alexander Carter-Silk - IMDb,"GET INFORMED. Industry information at your fingertips. GET CONNECTED. Over 200,000 Hollywood insiders. GET DISCOVERED. Enhance your IMDb Page. Go to IMDbPro »"
84,https://www.linkedin.com/in/craigmandeville,Craig Mandeville | LinkedIn,"View Craig Mandeville’s professional profile on LinkedIn. LinkedIn is the world's largest business network, helping professionals like Craig Mandeville discover ...",https://www.crunchbase.com/person/craig-mandeville,Craig Mandeville - CEO @ Forcura | CrunchBase,Craig Mandeville. Overview; Timeline; Followers; Contributors; Add to this Profile. Contribute. Overview Update. Primary Role CEO @ Forcura. Gender: Male Location ...
85,https://twitter.com/danielbru,Daniel Brusilovsky (@danielbru) | Twitter,The latest Tweets from Daniel Brusilovsky (@danielbru). Digital Initiatives Lead at @Warriors. Co-Founder of @imoji. Founded @TeensinTech. Previously at @Ribbon ...,https://www.linkedin.com/in/danielbru,Daniel Brusilovsky | LinkedIn,"View Daniel Brusilovsky’s professional profile on LinkedIn. LinkedIn is the world's largest business network, helping professionals like Daniel Brusilovsky discover ..."
86,www.anandtech.com/tag/exynos,Exynos - Latest Articles and Reviews on AnandTech,Here are AnandTech’s latest articles filed under Exynos,https://twitter.com/SamsungExynos,Samsung Exynos (@SamsungExynos) | Twitter,"Samsung Exynos Verified account @ SamsungExynos. The official Twitter of Samsung Exynos Processor. Follow us for the real-time news, stories and more."
87,https://www.linkedin.com/in/rodney-antonson-07321338,Rodney Antonson | LinkedIn,"View Rodney Antonson’s professional profile on LinkedIn. LinkedIn is the world's largest business network, helping professionals like Rodney Antonson discover ...",commons.bellevuecollege.edu/members/r-antonson/profile,Profile | Rodney Antonson | Commons,A grassroots publishing and collaboration platform for Bellevue College employees. Search for: Search these:
88,www.ted.com/speakers/marc_goodman,Marc Goodman | Speaker | TED.com,"Marc Goodman works to prevent future crimes and acts of terrorism, even those security threats not yet invented.",https://twitter.com/futurecrimes,Marc Goodman (@FutureCrimes) | Twitter,"Marc Goodman Verified account @ FutureCrimes. Global security adviser and futurist. Focused on the disruptive impact of advancing tech on security, business and intl ..."
89,sports.yahoo.com/soccer/players/gregoire-defrel,Gregoire Defrel | Cesena | Stats | News | Profile - Yahoo ...,"View Gregoire Defrel profile on Yahoo Sports. Find the latest Gregoire Defrel news, stats, transfer rumours, photos, titles, clubs, goals scored this season and more.",www.espnfc.com/player/156883/gregoire-defrel,Gregoire Defrel Player Profile - ESPN FC,"Gregoire Defrel Position: Forward Height: 5'10"" (1.80m) Weight: 174 lbs (79 kg) age: 25 DOB: June 17, 1991"
90,https://www.linkedin.com/in/danielle-finn-1552b6b2,Danielle Finn | LinkedIn,"View Danielle Finn’s professional profile on LinkedIn. LinkedIn is the world's largest business network, helping professionals like Danielle Finn discover inside ...",https://uk.linkedin.com/in/danielle-ewald-finn-08104933,Danielle Ewald-Finn | LinkedIn,"View Danielle Ewald-Finn’s professional profile on LinkedIn. LinkedIn is the world's largest business network, helping professionals like Danielle Ewald-Finn ..."
91,https://twitter.com/olensmar,Ole Lensmar (@olensmar) | Twitter,"The latest Tweets from Ole Lensmar (@olensmar). mostly harmless. Brookline, MA",https://www.linkedin.com/in/ole-lensmar-a714721,Ole Lensmar | LinkedIn,"View Ole Lensmar’s professional profile on LinkedIn. LinkedIn is the world's largest business network, helping professionals like Ole Lensmar discover inside ..."
92,https://www.linkedin.com/in/matthewmarcarelli,Matthew Marcarelli | LinkedIn,"View Matthew Marcarelli’s professional profile on LinkedIn. LinkedIn is the world's largest business network, helping professionals like Matthew Marcarelli discover ...",www.imdb.com/name/nm4951286,Matthew Marcarelli - IMDb,"Matthew Marcarelli, Actor: The Green. Matthew Marcarelli is an actor, known for The Green (2011)."
93,https://twitter.com/jonathansegura,Jonathan Segura (@jonathansegura) | Twitter,"The latest Tweets from Jonathan Segura (@jonathansegura). Writer. Gin man. Manchester United supporter. Executive Editor, Publishers Weekly. New York, NY (40.701931 ...",https://www.linkedin.com/in/jonathan-segura-8959809,Jonathan Segura | LinkedIn,"View Jonathan Segura’s professional profile on LinkedIn. LinkedIn is the world's largest business network, helping professionals like Jonathan Segura discover ..."
94,https://twitter.com/EstherManheimer,Esther Manheimer (@EstherManheimer) | Twitter,"The latest Tweets from Esther Manheimer (@EstherManheimer). Mom, mayor, attorney",www.vwlawfirm.com/Attorney-Profiles/Esther-E-Manheimer.aspx,Our Attorneys in Asheville | The Van Winkle Law Firm,"Esther Manheimer is a principal with The Van Winkle Law Firm who also serves as the current mayor of Asheville, N.C. Since joining the firm in 2002, she has focused ..."
95,www.imdb.com/name/nm2397636,Jeff Levi - IMDb,Jeff Levi: Frontline ... LATEST HEADLINES. Box Office: ‘Ghostbusters’ Trails ‘Secret Life of Pets’ with $46.5 Million Weekend,sensiblesafeguards.org/experts/jeff-levi,Jeff Levi - Coalition for Sensible Safeguards,"Jeff Levi Executive Director, Trust for America’s Health. Jeff Levi, PhD, is Executive Director of the Trust for America’s Health, where he leads the organization ..."
96,https://www.linkedin.com/in/luis-alberto-albarran-miranda-63a4ab74,Luis Alberto Albarran Miranda | LinkedIn,"View Luis Alberto Albarran Miranda’s professional profile on LinkedIn. LinkedIn is the world's largest business network, helping professionals like Luis Alberto ...",https://au.linkedin.com/in/luisavilamiranda,Luis Alberto Avila Miranda | LinkedIn,"View Luis Alberto Avila Miranda’s professional profile on LinkedIn. LinkedIn is the world's largest business network, helping professionals like Luis Alberto Avila ..."
97,www.imdb.com/name/nm6772118,Pattie Ray - IMDb,"Pattie Ray, Self: Personally Yours ... LATEST HEADLINES. Nate Parker’s ‘The Birth of a Nation’ Follow-Up About ‘Creating a World’ Acquired by Legendary",https://www.linkedin.com/in/ray-n-pattie-willows-34899362,RAY n PATTIE Willows | LinkedIn,"View RAY n PATTIE Willows’ professional profile on LinkedIn. LinkedIn is the world's largest business network, helping professionals like RAY n PATTIE Willows ..."
98,https://www.linkedin.com/in/renata-rivera-flores-23a7401b,Renata Rivera Flores | LinkedIn,"View Renata Rivera Flores’ professional profile on LinkedIn. LinkedIn is the world's largest business network, helping professionals like Renata Rivera Flores ...",https://www.researchgate.net/profile/Jefferson_Proano,Jefferson V. Proaño (Mexican Institute of Social Security ...,Jefferson V. Proaño of Mexican ... Carabin · Jefferson V Proaño · Jose Flores-Rivera · Teresa Corona · Renata Ivanek · Karen F Snowden ...
99,https://www.linkedin.com/in/linda-campbell-bb082a9,Linda Campbell | LinkedIn,"View Linda Campbell’s professional profile on LinkedIn. LinkedIn is the world's largest business network, helping professionals like Linda Campbell discover inside ...",www.imdb.com/name/nm3867029,Linda Campbell - IMDb,"Linda Campbell, Sound Department: Rebel Wessex ... GET INFORMED. Industry information at your fingertips. GET CONNECTED. Over 200,000 Hollywood insiders"
100,https://au.linkedin.com/in/jan-grabowski-88038830,Jan Grabowski | LinkedIn,"View Jan Grabowski’s professional profile on LinkedIn. LinkedIn is the world's largest business network, helping professionals like Jan Grabowski discover inside ...",www.imdb.com/name/nm5152156,Jan Grabowski - IMDb,Jan Grabowski: In Darkness. Jan Grabowski is known for his work on In Darkness (2011) and The Agenda with Steve Paikin (2006).
101,www.ndtv.com/topic/vilasrao-deshmukh,Vilasrao Deshmukh - NDTV.com,"Find Vilasrao Deshmukh Latest News, Videos & Pictures on Vilasrao Deshmukh and see latest updates, news, information from NDTV.COM. Explore more on Vilasrao Deshmukh.",economictimes.indiatimes.com/topic/Vilasrao-Deshmukh,"Vilasrao Deshmukh: Latest News & Videos, Photos about ...","Vilasrao Deshmukh Latest Breaking News, Pictures, Videos, and Special Reports from The Economic Times. Vilasrao Deshmukh Blogs, Comments and Archive News on ..."
102,espn.go.com/nfl/player/stats/_/id/3044716/marquez-north,Marquez North Stats - Los Angeles Rams - ESPN,Get the latest updated stats for Los Angeles Rams wide receiver Marquez North on ESPN.com,247sports.com/Player/MarQuez-North-10810,"Marquez North, Los Angeles, Wide Receiver - 247Sports",Acclds. Marquez North named to the SEC All-Freshman Team by the leagues coaches. Edit
103,http://www.espn.com/college-sports/basketball/recruiting/player/_/id/171212/brady-twombly,Brady Twombly - Basketball Recruiting - Player Profiles - ESPN,Learn about Brady Twombly and other recruit player profiles on RecruitingNation.com.,247sports.com/Player/Brady-Twombly-58556,"Brady Twombly, Northern Arizona, Small Forward - 247Sports","Brady Twombly is a 6-5, 200-pound Small Forward from Encinitas, CA."
104,https://www.crunchbase.com/person/saar-dickman,Saar Dickman - | CrunchBase,Gender: Male Location: Ann Arbor. Person Details Update. Click/Touch UPDATE above to add Details for Saar Dickman,www.bloomberg.com/research/stocks/private/snapshot.asp?privcapId=...,TowerSec Inc.: Private Company Information - Businessweek,"TowerSec Inc. was founded in 2012 and is headquartered in Ann Arbor, Michigan with additional offices in Annapolis Junction, ... Saar Dickman. Chief Executive Officer"
105,https://www.linkedin.com/in/joe-gysel-b094244b,Joe Gysel | LinkedIn,"View Joe Gysel’s professional profile on LinkedIn. LinkedIn is the world's largest business network, helping professionals like Joe Gysel discover inside ...",www.bloomberg.com/profiles/people/16727689-joe-gysel,"Joe Gysel, EPCOR Water USA Inc: Profile & Biography ...","Joe Gysel is President at EPCOR Water USA Inc. See Joe Gysel's compensation, career history, education, & memberships."
106,https://twitter.com/RyanJosephHart,Ryan Hart (@RyanJosephHart) | Twitter,"8,469 tweets • 713 photos/videos • 17.3K followers. Check out the latest Tweets from Ryan Hart (@RyanJosephHart)",https://www.forrester.com/Ryan-Hart,Forrester : Analyst : Ryan Hart,"Ryan is a principal analyst based in Singapore serving Customer Experience Professionals across Asia Pacific. He focuses on customer-centric service design, mobility ..."
107,www.netregistry.com.au,Netregistry — Australia's Domain Name Registrar,"Domain names and web hosting plus all the extras - web design, SEO, PPC, website security and email marketing. Netregistry can help grow your business.",https://twitter.com/netregistry,netregistry (@netregistry) | Twitter,"netregistry @ netregistry. Australia's most trusted domain name registrar. Advanced, safe, secure web hosting. Experts in web design & online marketing Gurus!"
108,https://www.linkedin.com/in/dylan-mattingly-97704911,Dylan Mattingly | LinkedIn,"View Dylan Mattingly’s professional profile on LinkedIn. LinkedIn is the world's largest business network, helping professionals like Dylan Mattingly discover ...",www.imdb.com/name/nm6946852,Dylan Mattingly - IMDb,"Dylan Mattingly, Composer: Quest ... LATEST HEADLINES. The Walking Dead Season 7 Trailer: More Negan, First Look at King Ezekiel"
109,www.imdb.com/name/nm0565323,Stephen McCarthy - IMDb,"Stephen McCarthy, Camera Department: King Arthur. Stephen McCarthy is a director of photography whose thirty year career has spanned the width and breadth of non ...",https://au.linkedin.com/in/steve-mccarthy-60a9895,Steve McCarthy | LinkedIn,"View Steve McCarthy’s professional profile on LinkedIn. LinkedIn is the world's largest business network, helping professionals like Steve McCarthy discover inside ..."
110,www.imdb.com/name/nm0020521,Fred Allen - IMDb,"Fred Allen, the well-known comedian who went on to star in radio, television, and film, was born John Florence Sullivan in Cambridge, Massachusetts in 1894 and ...",https://www.linkedin.com/in/fred-allen-18961238,Fred Allen | LinkedIn,"View Fred Allen’s professional profile on LinkedIn. LinkedIn is the world's largest business network, helping professionals like Fred Allen discover inside ..."
111,https://au.linkedin.com/in/sonya-anderson-45425aba,Sonya Anderson | LinkedIn,"View Sonya Anderson’s professional profile on LinkedIn. LinkedIn is the world's largest business network, helping professionals like Sonya Anderson discover inside ...",www.imdb.com/name/nm6810924,Sonya Anderson - IMDb,Sonya Anderson: NASCAR Hammer Down. Sonya Anderson is known for her work on NASCAR Hammer Down (2014) and American Native (2014).
112,www.imdb.com/name/nm0480440,Alan Ladd Jr. - IMDb,"Alan Ladd Jr. is one of the industry's most respected executives. He started in the movies as an agent in 1963. In 1969, Ladd moved to London to produce, making nine ...",projects.latimes.com/hollywood/star-walk/alan-ladd-jr,Alan Ladd Jr - Hollywood Star Walk - Los Angeles Times,"Find the location of Alan Ladd Jr's star on the Hollywood Walk of Fame, read a biography, see related stars and browse a map of important places in their ..."
113,https://www.linkedin.com/in/yorick-a-hempstead-84020975,Yorick A. Hempstead | LinkedIn,"Yorick A. Hempstead. Vlogger/Graphic Designer/Sports Writer at Lakerholicz.com. Location Rancho Palos Verdes, California Industry Sports",https://twitter.com/RossPickering,Ross Pickering (@RossPickering) | Twitter,"The latest Tweets from Ross Pickering (@RossPickering). Tweets shouldn't be taken too seriously, unless I'm being serious. @Lakerholicz founder. IG: rosspickering."
114,https://twitter.com/joshcorman,Joshua Corman ∵ (@joshcorman) | Twitter,@joshcorman is blocked. Are you sure you want to view these Tweets? Viewing Tweets won't unblock @joshcorman. View Tweets,blog.cognitivedissidents.com,Cognitive Dissidents | Joshua Corman's Security Blog ...,Joshua Corman's Security Blog [opinions may not reflect my employer's or other affiliations']
115,https://www.linkedin.com/in/janice-edouard-9aa9a243,Janice Edouard | LinkedIn,"View Janice Edouard’s professional profile on LinkedIn. LinkedIn is the world's largest business network, helping professionals like Janice Edouard discover inside ...",https://www.researchgate.net/profile/Edouard_Cantin,Edouard Cantin (Beckman Research Institute of City of Hope ...,"Edouard Cantin of City of Hope National Medical Center, Duarte with expertise in Virology, Immunology is on ResearchGate. Read 64 publications, and contact Edouard ..."
116,https://twitter.com/bratmix,Daniel Barassi (@bratmix) | Twitter,"The latest Tweets from Daniel Barassi (@bratmix). I do mashups. I run websites. I speak my mind. My opinions are my own, and do not represent those of my clients.",https://www.linkedin.com/in/danielbarassi,Daniel Barassi | LinkedIn,"View Daniel Barassi’s professional profile on LinkedIn. LinkedIn is the world's largest business network, helping professionals like Daniel Barassi discover inside ..."
117,https://au.finance.yahoo.com/marketpulse/NLST,"Netlist, Inc. (NLST) | Market Pulse - Yahoo!7 Finance","Get the market pulse on the Netlist, Inc. (NLST) performance on Yahoo!7 Finance. View the latest comments on the price and performance of the Netlist, Inc. (NLST ...",data.cnbc.com/quotes/NLST,Netlist Inc - NLST - Stock Quotes,"Netlist Inc, NLST real time stock quotes, news, videos at CNBC.com"
118,https://www.crunchbase.com/person/chris-slowe,Christopher Slowe - Founding Engineer @ reddit | CrunchBase,Loading KeyserSosa's tweets... Christopher Slowe on Twitter. Add Board & Advisor Roles. Add Memberships. Add Images. Add Videos. B2CDA-LR37J-YK78Y-A3S53-VWN7U ...,https://twitter.com/KeyserSosa,Christopher Slowe (@KeyserSosa) | Twitter,The latest Tweets from Christopher Slowe (@KeyserSosa). Bit twiddling caffeine junkie with a soft spot for physics. Founding Engineer for @reddit and former Chief ...
119,https://twitter.com/mebfaber,Meb Faber (@MebFaber) | Twitter,Meb Faber ‏ @MebFaber Jul 14. So the reason you haven't been able to download my new white paper on SSRN is because I didn't have permission from Cambria. Ha ...,economictimes.indiatimes.com/topic/Meb-Faber,"Meb Faber: Latest News & Videos, Photos about Meb Faber ...","Meb Faber Latest Breaking News, Pictures, Videos, and Special Reports from The Economic Times. Meb Faber Blogs, Comments and Archive News on Economictimes.com"
120,https://twitter.com/44blue,44 Blue Productions (@44blue) | Twitter,The latest Tweets from 44 Blue Productions (@44blue). The Official Twitter for 44 Blue Productions. We tell stories. We believe in virtual reality. @ovrtureco. Los ...,https://www.linkedin.com/in/jeff-turner-69b15325,Jeff Turner | LinkedIn,Jeff Turner. Executive In Charge of Production at 44 Blue Productions. Location Greater Los Angeles Area Industry Entertainment
121,https://www.sandiego.gov/citycouncil/cd1/communities/university,University City | City of San Diego Official Website,"University City (UC) is an active community of 56,000 people that encompasses the University of California, San Diego, the Westfield University Towne Centre shopping ...",www.ucitymo.org/index.aspx?NID=78,"Police Department | University City, MO - Official Website","City of University City | 6801 Delmar Boulevard | University City, MO 63130 | Phone: 314-862-6767"
122,https://www.linkedin.com/in/larry-kobilinsky-1986345,Larry Kobilinsky | LinkedIn,"View Larry Kobilinsky’s professional profile on LinkedIn. LinkedIn is the world's largest business network, helping professionals like Larry Kobilinsky discover ...",www.jjay.cuny.edu/faculty/lawrence-kobilinsky,Lawrence Kobilinsky | John Jay College of Criminal Justice,My research interests focus on developing sensitive methods of human identification using polymerase chain reaction methodology. My lab has developed methods to ...
123,www.imdb.com/name/nm3355471,Richard Cunningham - IMDb,"Richard Cunningham, Actor: Sherlock Holmes: A Game of Shadows. Richard was born 14th June 1967 in Hove, Sussex. He trained as an actor at LAMDA. In his early career ...",www.kw.com/kw/agent/rickcunningham,Rick Cunningham | Santa Monica CA | Keller Williams Realty,OWNER | AGENT | ENTREPRENEUR | As Operating Principal (Owner and Investor) of multiple Northern and Southern California offices in addition to running one of Los ...
124,www.allmusic.com/artist/kathie-baillie-mn0001558582,"Kathie Baillie | Music Biography, Streaming Radio and ...","Find Kathie Baillie bio, music, credits, awards, & streaming radio on AllMusic - Country vocalist Kathie Baillie had a long and…",www.imdb.com/name/nm1671049,Kathie Baillie - IMDb,"Kathie Baillie, Actress: Angel in Chains. Kathie Baillie is an actress, known for Angel in Chains (2004) and Lifestyle Magazine (2001)."
125,https://twitter.com/Wrapchic,Wrapchic (@Wrapchic) | Twitter,"Wrapchic @ Wrapchic. The world’s very first eatery that wraps together all the exciting and vibrant flavours of Indian street food, into an easy to eat Mexican format.",https://www.tripadvisor.com/Restaurant_Review-g186408-d8778214...,"Wrapchic, Bradford - Restaurant Reviews, Phone Number ...","Wrapchic, Bradford: See 7 unbiased reviews of Wrapchic, rated 4.5 of 5 on TripAdvisor and ranked #190 of 633 restaurants in Bradford."
126,https://twitter.com/joshelman,Josh Elman (@joshelman) | Twitter,"The latest Tweets from Josh Elman (@joshelman). Partner, @GreylockVC: @Medium, @MusicallyApp @Jelly, @AppMeerkat, @Operator, @DiscordApp @Nextdoor. Past: Twitter, FB ...",https://www.linkedin.com/in/joshe,Josh Elman | LinkedIn,"View Josh Elman’s professional profile on LinkedIn. LinkedIn is the world's largest business network, helping professionals like Josh Elman discover inside ..."
127,www.forbes.com/profile/cristiano-ronaldo,Cristiano Ronaldo - Forbes,"Ronaldo, Federer And Other Highest-Paid Male Athletes Who Are Watch Brand Ambassadors Just last month, FORBES released its World’s Highest-Paid Athletes List for 2016.",https://twitter.com/cristiano,Cristiano Ronaldo (@Cristiano) | Twitter,@Cristiano is blocked. Are you sure you want to view these Tweets? Viewing Tweets won't unblock @Cristiano. View Tweets
128,www.espncricinfo.com/australia/content/player/211854.html,Rob Quiney | Australia Cricket | Cricket Players and ...,Rob Quiney's Cricinfo profile ... Probably no player has ever debuted for his state against such exalted opposition as Rob Quiney did in October 2005.,https://twitter.com/BobbyQuiney,Bobby Quiney (@BobbyQuiney) | Twitter,"4,392 tweets • 107 photos/videos • 22.8K followers. Check out the latest Tweets from Bobby Quiney (@BobbyQuiney)"
129,https://twitter.com/jackslackmma,Jack Slack (@JackSlackMMA) | Twitter,Jack Slack @ JackSlackMMA. Writer for Vice. Author of 'Finding the Art'. Creator of Fightland's 'Ringcraft'. Not up for arguing 140 characters at a time.,https://sports.vice.com/ca/contributor/jack-slack,Jack Slack | VICE Sports,"Jack Slack on VICE Sports ... The rematch between Jose Aldo and Frankie Edgar was the most technical bout this weekend, but it played out more like a remake than a ..."
130,www.imdb.com/name/nm0391340,Mark Holloway - IMDb,"Mark Holloway, Writer: The Bill ... LATEST HEADLINES. Box Office: ‘Ghostbusters’ Trails ‘Secret Life of Pets’ with $46.5 Million Weekend",https://twitter.com/markgholloway,Mark Holloway (@markgholloway) | Twitter,The latest Tweets from Mark Holloway (@markgholloway). Never knowingly underfed. Wildest Essex
131,www.imdb.com/name/nm0697660,Harold Prince - IMDb,"Harold Prince, Self: West Side Memories. Harold Prince was born on January 30, 1928 in New York City, New York, USA as Harold Smith Prince. He is known for his work ...",https://www.quora.com/profile/Hal-Prince,Hal Prince - Quora,"When people say that ""between you and I"" is incorrect, they mean that people who write books about English say that it is incorrect. Since many people read these ..."
132,https://twitter.com/RichardTol,Richard Tol (@RichardTol) | Twitter,"34.3K tweets • 378 photos/videos • 5,675 followers. Check out the latest Tweets from Richard Tol (@RichardTol)",https://www.linkedin.com/in/richardtol,Richard Tol | LinkedIn,"View Richard Tol’s professional profile on LinkedIn. LinkedIn is the world's largest business network, helping professionals like Richard Tol discover inside ..."
133,https://twitter.com/telegraaf,De Telegraaf (@telegraaf) | Twitter,@telegraaf is blocked. Are you sure you want to view these Tweets? Viewing Tweets won't unblock @telegraaf. View Tweets,https://pt.wikipedia.org/wiki/De_Telegraaf,"De Telegraaf – Wikipédia, a enciclopédia livre","De Telegraaf (""O Telégrafo"", em holandês) é o maior jornal de circulação diária (matinal) dos Países Baixos, com uma média de aproximadamente 800.000 ..."
134,https://www.linkedin.com/in/nickbartle,Nick Bartle | LinkedIn,"View Nick Bartle’s professional profile on LinkedIn. LinkedIn is the world's largest business network, helping professionals like Nick Bartle discover inside ...",https://www.crunchbase.com/person/nick-bartle,"Nick Bartle - Vice President, Marketing @ LinkedIn ...","Nick Bartle is the vice president of marketing at LinkedIn, a professional networking site that allows its members to create business connections, search for jobs ..."
135,www.mtv.com/artists/beatsteaks,Beatsteaks | New Music And Songs,"Beatsteaks new music, concerts, photos, and official news updates directly from Beatsteaks's Twitter and Facebook.",www.imdb.com/name/nm3129556,Beatsteaks - IMDb,"Beatsteaks. Soundtrack: Systemfehler - Wenn Inge tanzt, Circus Halligalli, Mulatschag, Transformers: Dark of the Moon, Tough Enough. self: Circus Halligalli ..."
136,https://www.linkedin.com/in/alpinept,Brent Dodge | LinkedIn,"View Brent Dodge’s professional profile on LinkedIn. LinkedIn is the world's largest business network, helping professionals like Brent Dodge discover inside ...",https://twitter.com/BrentDodge,Brent Dodge (@BrentDodge) | Twitter,"The latest Tweets from Brent Dodge (@BrentDodge). Disney author, podcaster, and website owner. Also the winner of the D23 WDW Scavenger Hunt! Find out more at http ..."
137,https://au.linkedin.com/in/zoran-bolevich-7b037a2,Zoran Bolevich | LinkedIn,"View Zoran Bolevich’s professional profile on LinkedIn. LinkedIn is the world's largest business network, helping professionals like Zoran Bolevich discover inside ...",fst.net.au/speakers/dr-zoran-bolevich,Dr Zoran Bolevich | FST Media,"A trained doctor with a passion for ICT, Zoran brings to eHealth NSW broad experience in a range of senior health management and ICT leadership roles in Australia and ..."
138,www.milb.com/player/index.jsp?player_id=643466,"Harrison Musgrave Stats, Highlights, Bio | MiLB.com Stats ...","The latest Harrison Musgrave Stats, Video Highlights, News and more from MiLB.com.",www.cbssports.com/mlb/players/playerpage/2218318,"Harrison Musgrave, SP, Colorado Rockies, MLB Baseball ...","Harrison Musgrave, SP, Colorado Rockies, stats and updates at CBSSports.com."
139,au.finance.qa2p.global.media.yahoo.com/marketpulse/GXP,Great Plains Energy Incorporate (GXP) | Market Pulse ...,Get the market pulse on the Great Plains Energy Incorporate (GXP) performance on Yahoo!7 Finance. View the latest comments on the price and performance of the Great ...,data.cnbc.com/quotes/GXP,Great Plains Energy Inc - GXP - Stock Quotes,"Great Plains Energy Inc, GXP real time stock quotes, news, videos at CNBC.com"
140,https://www.linkedin.com/in/amy-maxmen-bb38855,Amy Maxmen | LinkedIn,"View Amy Maxmen’s professional profile on LinkedIn. LinkedIn is the world's largest business network, helping professionals like Amy Maxmen discover inside ...",https://www.geneticliteracyproject.org/author/amy-maxmen,Amy Maxmen Archives | Genetic Literacy Project,Amy Maxmen. Articles written for the GLP are listed after the date as “Genetic Literacy Project”. All other articles were written for the sources noted with ...
141,https://twitter.com/CLTVnews,CLTV News (@CLTVnews) | Twitter,"CLTV News Verified account @ CLTVnews. In partnership w/ WGN-TV, CLTV features expanded coverage of local Chicago area news that's not available elsewhere.",www.chicagotribune.com/.../cltv-news-ENTTV000000279-topic.html,"CLTV News Articles, Photos, and Videos - Chicago Tribune","CLTV is Chicagoland Television, a 24-hour cable news television channel that provides local and regional Chicago-area news, including coverage of breaking news ..."
142,https://www.linkedin.com/in/ricardo-padua-6000072,Ricardo Padua | LinkedIn,"View Ricardo Padua’s professional profile on LinkedIn. LinkedIn is the world's largest business network, helping professionals like Ricardo Padua discover inside ...",www.imdb.com/name/nm5257684,Ricardo Padua - IMDb,"Ricardo Padua. Contribute to IMDb. Add a bio, trivia, and more. Update information for Ricardo Padua » More at IMDbPro ..."
143,www.uts.edu.au/staff/david.soldani,David Soldani | University of Technology Sydney,"Telephone +61 2 9514 2000. Student inquiries ask.uts.edu.au. Postal address P.O. Box 123, Broadway, NSW 2007",aalrr.com/attorneys/david_a._soldani,"David A. Soldani | Atkinson, Andelson, Loya, Ruud & Romo","David Soldani is a partner in the Fresno and Sacramento offices. Mr. Soldani advises public agencies in the areas of employment, public works and construction ..."
144,https://profiles.google.com/horizontesbienraizdetequilajal,Lic. Moises Venegas. - Google Profile,"Lic. Moises Venegas. - Inmobiliaria Horiozntes Bien Raiz deTequila, Jal.",https://www.researchgate.net/profile/Anayatzin_Castro,Anayatzin MENDOZA Castro (Colegio de Postgraduados ...,"Anayatzin MENDOZA Castro of Colegio de Postgraduados, Montecillo with expertise in Water Science is on ResearchGate. Read 1 publication, and contact Anayatzin MENDOZA ..."
145,https://www.linkedin.com/in/kenneth-feeley-670a2915,Kenneth Feeley | LinkedIn,"View Kenneth Feeley’s professional profile on LinkedIn. LinkedIn is the world's largest business network, helping professionals like Kenneth Feeley discover inside ...",https://www.researchgate.net/profile/Kenneth_Feeley,"Kenneth J. Feeley (Florida International University, Miami ...","Kenneth J. Feeley of Florida International University, Miami with expertise in Botany, Ecology, Zoology is on ResearchGate. Read 99 publications, and contact Kenneth ..."
146,https://au.linkedin.com/in/chrishealy84,Chris Healy | LinkedIn,"View Chris Healy’s professional profile on LinkedIn. LinkedIn is the world's largest business network, helping professionals like Chris Healy discover inside ...",https://twitter.com/ChristophrHealy,Christopher Healy (@ChristophrHealy) | Twitter,The latest Tweets from Christopher Healy (@ChristophrHealy). Author of the Hero's Guide series and the upcoming Perilous Journey trilogy.
147,https://twitter.com/noorfares,Noor Fares (@noorfares) | Twitter,The latest Tweets from Noor Fares (@noorfares). Jewellery designer. London,www.liberty.co.uk/fcp/categorylist/designer/noor-fares,Noor Fares | Designer Jewellery | Liberty.co.uk,"Noor Fares Noor Fares formed a love of fine jewellery during her upbringing, developing her ideas from her Lebanese background and global wandering."
148,https://www.tripadvisor.com/Hotel_Review-g32849-d4550989-Reviews...,"The Epiphany, a Joie de Vivre Hotel (Palo Alto, CA ...","Book The Epiphany, a Joie de Vivre Hotel, Palo Alto on TripAdvisor: See 284 traveler reviews, 119 candid photos, and great deals for The Epiphany, a Joie ...",www.hotelscombined.com/Hotel/The_Epiphany_Hotel.htm,"The Epiphany Hotel, Palo Alto - Compare Deals","The Epiphany Hotel, Palo Alto - Find the best deal at HotelsCombined.com. Compare all the top travel sites at once. Rated 9.4 out of 10 from 332 reviews."
149,https://www.linkedin.com/company/denny-elwell-company,Denny Elwell Company | LinkedIn,"Learn about working at Denny Elwell Company. Join LinkedIn today for free. See who you know at Denny Elwell Company, leverage your professional network, and get hired.",https://www.linkedin.com/in/danny-elwell-19816590,Danny Elwell | LinkedIn,"View Danny Elwell’s professional profile on LinkedIn. LinkedIn is the world's largest business network, helping professionals like Danny Elwell discover inside ..."
150,https://leadferret.com/directory/person/michael-burleson/1504600,Michael Burleson at Emerson Process Management Contact ...,"Michael Burleson at Emerson Process Management Contact Details - find the Job Title, Phone#, Email Address, Social Profiles (Including Facebook, LinkedIn and Twitter ...",https://www.avvo.com/attorneys/35055-al-michael-burleson-4315571.html,"Lawyer Michael Burleson - Cullman, AL Attorney - Avvo","Michael Burleson is a Attorney in Cullman, AL. Click Michael’s profile to discover their Avvo Rating, write a review, and read professional endorsements."
151,www.imdb.com/name/nm0446120,John Kellogg - IMDb,"John Kellogg was born on June 3, 1916 in Hollywood, California, USA as Giles Vernon Kellogg Jr. He was an actor, known for Twelve O'Clock High (1949), Peyton Place ...",https://www.linkedin.com/in/john-kellogg-83892912,John Kellogg | LinkedIn,"View John Kellogg’s professional profile on LinkedIn. LinkedIn is the world's largest business network, helping professionals like John Kellogg discover inside ..."
152,https://www.linkedin.com/in/marc-gaden-39820b1b,Marc Gaden | LinkedIn,"View Marc Gaden’s professional profile on LinkedIn. LinkedIn is the world's largest business network, helping professionals like Marc Gaden discover inside ...",https://www.researchgate.net/profile/Marc_Gaden/publications,Marc Gaden - Publications - ResearchGate,"ResearchGate is a network dedicated to science and research. Connect, collaborate and discover scientific publications, jobs and conferences. All for free."
153,trailers.apple.com/trailers/disney/ozthegreatandpowerful,Oz the Great and Powerful - Movie Trailers - iTunes,"Disney's fantastical adventure ""Oz The Great and Powerful,"" directed by Sam Raimi, imagines the origins of L. Frank Baum's beloved character, the Wizard of Oz. When ...",https://www.presto.com.au/movies/oz-the-great-and-powerful,Oz The Great And Powerful | Presto,"Disney's fantastical adventure ""Oz The Great and Powerful,"" directed by Sam Raimi, imagines the origins of L. Frank Baum's beloved wizard character."
154,https://www.law.upenn.edu/cf/faculty/drudovsk,"Penn Law Faculty: David Rudovsky, expert on Civil Rights ...","David Rudovsky, one of the nation’s leading civil rights and criminal defense attorneys, practices public interest law with the firm of Kairys, Rudovsky, Messing ...",https://www.linkedin.com/in/david-rudovsky-30659112,David Rudovsky | LinkedIn,"View David Rudovsky’s professional profile on LinkedIn. LinkedIn is the world's largest business network, helping professionals like David Rudovsky discover inside ..."
155,https://www.linkedin.com/company/rocky-mountain-micro-ranch,Rocky Mountain Micro Ranch | LinkedIn,"Learn about working at Rocky Mountain Micro Ranch. Join LinkedIn today for free. See who you know at Rocky Mountain Micro Ranch, leverage your professional network ...",https://www.tripadvisor.com/Hotel_Review-g35609-d114341-Reviews...,Idaho Rocky Mountain Ranch (Stanley) - Ranch Reviews ...,"The Idaho Rocky Mountain Ranch is an outstanding ""base camp"" for those who want to enjoy the Stanley area of the Sawtooth Recreation Area!"
156,chemistry.cornell.edu/faculty/detail.cfm?netid=bw24,"Benjamin Widom, Professor Emeritus - Cornell University","Widom, Benjamin. Professor Emeritus. email: bw24@cornell.edu phone: 607/255-3363 room: Baker Laboratory, Room 220. Department Appointments. Chemistry and Chemical ...",https://www.linkedin.com/in/benjamin-cole-74092580,Benjamin Cole | LinkedIn,"View Benjamin Cole’s professional profile on LinkedIn. LinkedIn is the world's largest business network, helping professionals like Benjamin Cole discover inside ..."
157,https://www.linkedin.com/pub/dir/eric/enge,Top 6 Eric Enge profiles | LinkedIn,"View the profiles of professionals named Eric Enge on LinkedIn. There are 6 professionals named Eric Enge, who use LinkedIn to exchange information, ideas, and ...",https://www.linkedin.com/in/ericenge,Eric Enge | LinkedIn,"View Eric Enge’s professional profile on LinkedIn. LinkedIn is the world's largest business network, helping professionals like Eric Enge discover inside ..."
158,https://www.linkedin.com/company/jewelmer-joaillerie,Jewelmer | LinkedIn,"Learn about working at Jewelmer. Join LinkedIn today for free. See who you know at Jewelmer, leverage your professional network, and get hired.",https://www.linkedin.com/in/euniza-ramos-capili-770459a9,Euniza Ramos Capili | LinkedIn,"View Euniza Ramos Capili’s professional profile on LinkedIn. LinkedIn is the world's largest business network, helping professionals like Euniza Ramos Capili ..."
159,https://www.homelight.com/agents/christina-richmond-wa-1196934,"Christina Richmond | John L. Scott, Inc. | Mukilteo Real ...","Get detailed statistics on homes bought and sold by Real Estate Agent Christina Richmond, and see Real Estate Agent reviews from recent clients in the area.",https://www.linkedin.com/in/christina-richmond-mph-26717a27,"Christina Richmond, MPH | LinkedIn","View Christina Richmond, MPH’S professional profile on LinkedIn. LinkedIn is the world's largest business network, helping professionals like Christina Richmond ..."
160,https://www.linkedin.com/company/profile-defenders,Profile Defenders | LinkedIn,"Learn about working at Profile Defenders. Join LinkedIn today for free. See who you know at Profile Defenders, leverage your professional network, and get hired.",https://www.linkedin.com/in/profile-defenders-4540123a,Profile Defenders | LinkedIn,"View Profile Defenders’ professional profile on LinkedIn. LinkedIn is the world's largest business network, helping professionals like Profile Defenders discover ..."
161,https://www.tripadvisor.com/Attraction_Review-g60903-d218839...,"National Museum of Civil War Medicine, Frederick - TripAdvisor",Description: The National Museum of Civil War Medicine is the premier center for the...,https://twitter.com/CivilWarMed,Civil War Med (@CivilWarMed) | Twitter,"Civil War Med @ CivilWarMed. The National Museum of Civil War Medicine tells the story of care and healing, courage and devotion amidst America's bloodiest war."
162,public-schools.startclass.com/l/72744/Apache-Middle-School,"Apache Middle School in Apache, OK | StartClass","Find information on Apache Middle School located in Apache, Oklahoma. See details on student-teacher ratio, student enrollment, reviews & ratings, and more.",public-schools.startclass.com/l/72745/Apache-High-School,"Apache High School in Apache, OK | StartClass","Find information on Apache High School located in Apache, Oklahoma. See details on student-teacher ratio, student enrollment, reviews & ratings, and more."
163,https://www.linkedin.com/in/matthew-abramo-90b450,Matthew Abramo | LinkedIn,"View Matthew Abramo’s professional profile on LinkedIn. LinkedIn is the world's largest business network, helping professionals like Matthew Abramo discover inside ...",247sports.com/Player/Matt-Abramo-75559,"Matt Abramo, Washington State Cougars, Kicker - 247Sports","Matt Abramo is a 6-2, 170-pound Kicker from Petaluma, CA. He has committed to Washington State Cougars."
164,www.imdb.com/name/nm0608378,David Moscow - IMDb,"David Moscow was born on November 14, 1974 in New York City, New York, USA as David Raphael Moscow. He is an actor and producer, known for Big (1988), Just Married ...",https://www.linkedin.com/in/david-moscow-6816888,David Moscow | LinkedIn,"View David Moscow’s professional profile on LinkedIn. LinkedIn is the world's largest business network, helping professionals like David Moscow discover inside ..."
165,https://www.linkedin.com/in/zmanian,Zaki Manian | LinkedIn,"View Zaki Manian’s professional profile on LinkedIn. LinkedIn is the world's largest business network, helping professionals like Zaki Manian discover inside ...",https://www.quora.com/profile/Zaki-Manian,Zaki Manian - Quora,We attempted to do a mix optomechanical and electronic hardware in India. We eventually moved the project back to the US. Notion Ink was a very high profile hardware ...
166,www.imdb.com/name/nm0049920,Howard Baldwin - IMDb,"Howard Baldwin, Producer: Ray. Howard Baldwin is a producer, known for Ray (2004), Sahara (2005) and Death Sentence (2007).",https://twitter.com/HowardBaldwin,Howard Baldwin (@HowardBaldwin) | Twitter,"The latest Tweets from Howard Baldwin (@HowardBaldwin): ""How To Make The CIO The Most Popular Kid In The Building @Forbes http://t.co/9R5v0JA6R5"""
167,https://au.linkedin.com/in/byjakedean,Jake Dean | LinkedIn,"View Jake Dean’s professional profile on LinkedIn. LinkedIn is the world's largest business network, helping professionals like Jake Dean discover inside ...",www.mtv.com/artists/jake-dean,Jake Dean | New Music And Songs,"Jake Dean new music, concerts, photos, and official news updates directly from Jake Dean's Twitter and Facebook."
168,www.imdb.com/name/nm1079045,William Garcia - IMDb,"William Garcia, Producer: The Shift ... GET INFORMED. Industry information at your fingertips. GET CONNECTED. Over 200,000 Hollywood insiders",https://au.linkedin.com/in/william-garcia-9731a432,William Garcia | LinkedIn,"View William Garcia’s professional profile on LinkedIn. LinkedIn is the world's largest business network, helping professionals like William Garcia discover inside ..."
169,https://www.linkedin.com/company/fosun-group,Fosun Group | LinkedIn,"Learn about working at Fosun Group. Join LinkedIn today for free. See who you know at Fosun Group, leverage your professional network, and get hired.",www.bloomberg.com/profiles/companies/0796274D:CH,Fosun Group: Company Profile - Bloomberg,"Company profile & key executives for Fosun Group (0796274D:-) including description, corporate address, management team and contact info."
170,www.sydneytallships.com.au,"Sydney Harbour Cruises, Corporate Charter Cruise, Lunch ...","Sydney Harbour Tall Ships offer Sydney harbour cruise, private charter cruise, lunch harbour cruise, harbour dinner cruise, party harbour cruise and cruise ship hire.",www.captaincookcruisesfiji.com/fiji-ships/default.htm,Cruise Ships in Fiji - Captain Cook Cruises Fiji,Fiji Ships & Islands . Click on the links for detailed information about our Fiji Ships and Islands or click on Quote Request for a tailored proposal.
171,https://twitter.com/TheREALRIKISHI,JR RIKISHI FATU (@TheREALRIKISHI) | Twitter,@TheREALRIKISHI is blocked. Are you sure you want to view these Tweets? Viewing Tweets won't unblock @TheREALRIKISHI. View Tweets,www.imdb.com/name/nm0030451,Solofa Fatu Jr. - IMDb,"Solofa Fatu Jr., Self: WWE Monday Night RAW. Solofa Fatu Jr. was born on October 11, 1966 in San Francisco, California, USA. He is an actor and director, known for ..."
172,https://www.businessoffashion.com/community/people/pierre-yves-roussel,Pierre-Yves Roussel | BoF 500 | The People Shaping the ...,"Biography. Pierre-Yves Roussel is chairman and chief executive officer of the fashion group at LVMH, a group that comprises many of the luxury conglomerate’s ...",https://www.linkedin.com/in/pierre-yves-roussel-94a2b5a4,Pierre-Yves Roussel | LinkedIn,"View Pierre-Yves Roussel’s professional profile on LinkedIn. LinkedIn is the world's largest business network, helping professionals like Pierre-Yves Roussel ..."
173,https://www.linkedin.com/in/patricia-vázquez-cruz-2125a7a2,Patricia Vázquez Cruz | LinkedIn,"View Patricia Vázquez Cruz’s professional profile on LinkedIn. LinkedIn is the world's largest business network, helping professionals like Patricia Vázquez Cruz ...",https://au.linkedin.com/in/patricia-vázquez-pérez-ba090297,Patricia Vázquez Pérez | LinkedIn,"View Patricia Vázquez Pérez’s professional profile on LinkedIn. LinkedIn is the world's largest business network, helping professionals like Patricia Vázquez ..."
174,https://www.linkedin.com/company/haiyin-venture-partners,Haiyin Venture Partners | LinkedIn,"Learn about working at Haiyin Venture Partners. Join LinkedIn today for free. See who you know at Haiyin Venture Partners, leverage your professional network, and get ...",https://www.linkedin.com/in/dongping（东平）-lee（李）-42874654,Dongping（东平） Lee（李） | LinkedIn,Dongping（东平） Lee（李） Partner at Haiyin Capital. Industry Venture Capital & Private Equity
175,https://www.tripadvisor.com/Tourism-g191-United_States-Vacations.html,United States 2016: Best of United States Tourism ...,"United States Tourism: TripAdvisor has 50,153,157 reviews of United States Hotels, Attractions, and Restaurants making it your best United States resource.",www.nytimes.com/topic/destination/united-states,United States - The New York Times,"World news about the United States. Breaking news and archival information about its people, politics and economy from The New York Times."
176,https://www.linkedin.com/in/matthew-schwimmer-609b14b5,Matthew Schwimmer | LinkedIn,"View Matthew Schwimmer’s professional profile on LinkedIn. LinkedIn is the world's largest business network, helping professionals like Matthew Schwimmer discover ...",www.imdb.com/name/nm0001710,David Schwimmer - IMDb,"David Schwimmer, Actor: Friends. Born in New York and raised in Los Angeles, Schwimmer was encouraged by a high school instructor to attend a summer program in acting ..."
177,https://au.linkedin.com/in/mike-schulz-02775a4,Mike Schulz | LinkedIn,"View Mike Schulz’s professional profile on LinkedIn. LinkedIn is the world's largest business network, helping professionals like Mike Schulz discover inside ...",https://twitter.com/schulzmk,Mike Schulz (@schulzmk) | Twitter,The latest Tweets from Mike Schulz (@schulzmk). I tell stories and solve problems. Chicago
178,https://www.avvo.com/attorneys/98908-wa-jack-fiander-13888.html,"Lawyer Jack Fiander - Yakima, WA Attorney - Avvo","Jack Fiander is a Attorney in Yakima, WA. Click Jack’s profile to discover their Avvo Rating, write a review, and read professional endorsements.",waatp.com/people/jack-fiander/40396750,Who is Jack Fiander - Unavailable - Yakima - WA - waatp.com,"Who is Jack Fiander - Unavailable - Yakima - WA - waatp.com.See also Jack Fiander: pictures, social networks profiles, videos, weblinks, at blogs, at news, books ..."
179,https://twitter.com/davidbergman,David Bergman (@davidbergman) | Twitter,"David Bergman @ davidbergman. Music and sports photographer. Canon Explorer of Light, Bon Jovi tour photographer, 13 Sports Illustrated covers, & the Obama ...",https://med.stanford.edu/profiles/david-bergman,David Bergman | Stanford Medicine Profiles,"David Bergman is on CAP Network. CAP Network is a virtual workspace, to support collaboration among faculty, graduate students, postdocs and staff."
180,sports.yahoo.com/soccer/players/maurizio-domizzi,Maurizio Domizzi - Yahoo Sports,"View Maurizio Domizzi profile on Yahoo Sports. Find the latest Maurizio Domizzi news, stats, transfer rumours, photos, titles, clubs, goals scored this season and more.",www.sbnation.com/soccer/serie-a/players/164038/maurizio-domizzi,"Maurizio Domizzi News, Stats, Photos | Udinese","SB Nation is the fastest growing online sports media brand, consisting of national sports site SBNation.com and 300 individual team and sport sites comprehensively ..."
181,www.ndtv.com/topic/yashwant-sinha,"Yashwant Sinha: Latest News, Photos, Videos on Yashwant ...","Find Yashwant Sinha Latest News, Videos & Pictures on Yashwant Sinha and see latest updates, news, information from NDTV.COM. Explore more on Yashwant Sinha.",economictimes.indiatimes.com/topic/Yashwant-Sinha,"Yashwant Sinha: Latest News & Videos, Photos about ...","Yashwant Sinha Latest Breaking News, Pictures, Videos, and Special Reports from The Economic Times. Yashwant Sinha Blogs, Comments and Archive News on Economictimes.com"
182,https://twitter.com/nataliecutler,Natalie Ann Cutler (@nataliecutler) | Twitter,The latest Tweets from Natalie Ann Cutler (@nataliecutler). Married #feminists confuse me. You either want #genderequality or u want to be named after a Man . . .,https://au.linkedin.com/in/natalie-cutler-a1a32067,Natalie Cutler | LinkedIn,"View Natalie Cutler’s professional profile on LinkedIn. LinkedIn is the world's largest business network, helping professionals like Natalie Cutler discover inside ..."
183,https://www.linkedin.com/in/clarence-mock-82372320,Clarence Mock | LinkedIn,"View Clarence Mock’s professional profile on LinkedIn. LinkedIn is the world's largest business network, helping professionals like Clarence Mock discover inside ...",https://www.avvo.com/attorneys/68045-ne-clarence-mock-4653778.html,"Lawyer Clarence Mock - Oakland, NE Attorney - Avvo","Clarence Mock is a Attorney in Oakland, NE. Click Clarence’s profile to discover their Avvo Rating, write a review, and read professional endorsements."
184,https://twitter.com/mercyhealth,Mercy Health System (@mercyhealth) | Twitter,"3,253 tweets • 38 photos/videos • 6,291 followers. ""#tbt: A look at our recent Rockford groundbreaking for the new hospital and medical center. https://t.co ...",https://cancer.mercyhealthsystem.org,Mercy Health System | Cancer Treatment in Wisconsin,"Mercy Health oncologists and hematologists have highest approval rating from Commission on Cancer | Mercy Regional Cancer Center in Janesville, Lake Geneva"
185,https://twitter.com/jim_gresham,Jim Gresham (@Jim_Gresham) | Twitter,@Jim_Gresham is blocked. Are you sure you want to view these Tweets? Viewing Tweets won't unblock @Jim_Gresham. View Tweets,https://www.linkedin.com/in/jim-gresham-ab21368a,Jim Gresham | LinkedIn,"View Jim Gresham’s professional profile on LinkedIn. LinkedIn is the world's largest business network, helping professionals like Jim Gresham discover inside ..."
186,https://twitter.com/jacobsteinberg,Jacob Steinberg (@JacobSteinberg) | Twitter,"The latest Tweets from Jacob Steinberg (@JacobSteinberg). Football and tennis writer for The Guardian, Blizzard contributor. Views are mine. When you're the king, you ...",https://www.theguardian.com/profile/jacob-steinberg,Jacob Steinberg | The Guardian,Jacob Steinberg Jacob is a football and tennis writer for the Guardian. ... Twitter; jobs; guardian labs; subscribe; all topics; all contributors; solve technical issue
187,https://www.linkedin.com/in/nuriaboot,Nuria Boot | LinkedIn,"View Nuria Boot’s professional profile on LinkedIn. LinkedIn is the world's largest business network, helping professionals like Nuria Boot discover inside ...",trooclick.com/speakers/nuria-boot-91093,Nuria Boot quotes — Trooclick,"Quotes we’ve found from Nuria Boot are associated with 1 story that we’ve covered since our analysis began in December 2014. So far, we’ve identified 1 news ..."
188,espn.go.com/nba/player/_/id/4158/jerel-mcneal,"Jerel McNeal Stats, Bio - ESPN","Get the latest news, career stats and more about shooting guard Jerel McNeal on ESPN.com.",sports.yahoo.com/nba/players/4684,Jerel McNeal | Phoenix | National Basketball Association ...,"The latest stats, facts, news and notes on Jerel McNeal of the Phoenix"
189,https://au.linkedin.com/in/samuel-clark-83246355,Samuel Clark | LinkedIn,"View Samuel Clark’s professional profile on LinkedIn. LinkedIn is the world's largest business network, helping professionals like Samuel Clark discover inside ...",https://twitter.com/sclark_melbs,Samuel Clark (@sclark_melbs) | Twitter,Samuel Clark @ sclark_melbs It looks increasingly likely that @wikileaks aided the efforts of Russian intelligence with the DNC leaks https: ...
190,https://www.tripadvisor.com/Restaurant_Review-g35805-d3859372...,"Sushi Dokku, Chicago - West Loop - Restaurant Reviews ...","Sushi Dokku, Chicago: See 33 unbiased reviews of Sushi Dokku, rated 4.5 of 5 on TripAdvisor and ranked #745 of 9,106 restaurants in Chicago.",https://foursquare.com/v/sushi-dokku/50f202b3e4b0d94f8e7bf787,"Sushi Dokku - West Town - Chicago, IL - foursquare.com","See 115 photos and 28 tips from 1030 visitors to Sushi Dokku. ""Sushi Dokku in Chicago delivers endless fresh sushi options — including a stunning Tuna..."""
191,https://www.linkedin.com/in/ibrahim-farinloye-17490734,Ibrahim Farinloye | LinkedIn,"View Ibrahim Farinloye’s professional profile on LinkedIn. LinkedIn is the world's largest business network, helping professionals like Ibrahim Farinloye discover ...",www.ndtv.com/topic/ibrahim-farinloye,"Ibrahim Farinloye: Latest News, Photos, Videos on Ibrahim ...","Find Ibrahim Farinloye Latest News, Videos & Pictures on Ibrahim Farinloye and see latest updates, news, information from NDTV.COM. Explore more on Ibrahim Farinloye."
192,https://www.tripadvisor.com/Attraction_Review-g60763-d105126...,The Museum of Modern Art (MoMA) - TripAdvisor,"The Museum of Modern Art (MoMA), New York City: Hours, Address, Attraction Reviews",https://twitter.com/MuseumModernArt,Museum of Modern Art (@MuseumModernArt) | Twitter,"10K tweets • 2,220 photos/videos • 3.02M followers. Check out the latest Tweets from Museum of Modern Art (@MuseumModernArt)"
193,http://www.bloomberg.com/research/stocks/people/person.asp?personId=524212&capId=874310&previousCapId=184139415&previousTitle=WebThriftStore%2C%20Inc.,Minoru Makihara: Executive Profile & Biography - Bloomberg.com,"Mr. Minoru Makihara, also known as Ben, serves as Senior Corporate Advisor at Mitsubishi Corporation. Mr. Makihara served as Chairman of Mitsubishi Corporation until ...",people.equilar.com/bio/minoru-makihara-ibm/salary/45475,"Minoru Makihara - Executive Bio, Compensation History, and ...","Minoru Makihara, 77, is senior corporate advisor and former chairman of Mitsubishi Corporation. He is a member of IBM's Directors and Corporate Governance Committee."
194,www.imdb.com/name/nm0608856,Tim Mosley - IMDb,"Tim Mosley. Tim Mosley was born on March 10, 1971 in Norfolk, Virginia, USA as Timothy Mosley. He has been married to Monique Idlett since June 10, 2008. They have ...",https://www.linkedin.com/in/timothymosley,Timothy Mosley | LinkedIn,"View Timothy Mosley’s professional profile on LinkedIn. LinkedIn is the world's largest business network, helping professionals like Timothy Mosley discover inside ..."
195,https://www.linkedin.com/in/shimul-shah-4893a3106,Shimul Shah | LinkedIn,"View Shimul Shah’s professional profile on LinkedIn. LinkedIn is the world's largest business network, helping professionals like Shimul Shah discover inside ...",www.pareshah.com/team/shimul-shah,Shimul Shah | Paresh B. Shah - pareshah.com,MENU. Home; About . Team; Our Mission; About Guardian; Paresh in Media . ITV Show; Outstanding Achievements; Services . Videos; Guardian Life; Strategies . The ...
196,https://www.linkedin.com/in/sartaz-aziz-bb4b3983,sartaz aziz | LinkedIn,"View sartaz aziz’s professional profile on LinkedIn. LinkedIn is the world's largest business network, helping professionals like sartaz aziz discover inside ...",www.ndtv.com/topic/sartaz-aziz,"Sartaz Aziz: Latest News, Photos, Videos on Sartaz Aziz ...","Find Sartaz Aziz Latest News, Videos & Pictures on Sartaz Aziz and see latest updates, news, information from NDTV.COM. Explore more on Sartaz Aziz."
197,https://www.linkedin.com/in/dorothy-graham-52785065,Dorothy Graham | LinkedIn,"View Dorothy Graham’s professional profile on LinkedIn. LinkedIn is the world's largest business network, helping professionals like Dorothy Graham discover inside ...",www.imdb.com/name/nm0334013,Dorothy Graham - IMDb,"Dorothy Graham, Actress: A Musical Mix-Up. Dorothy Graham is an actress, known for A Musical Mix-Up (1915), Mary (1915) and The Princess' Necklace (1917)."
198,https://au.linkedin.com/in/annie-bryan-b3505435,Annie Bryan | LinkedIn,"View Annie Bryan’s professional profile on LinkedIn. LinkedIn is the world's largest business network, helping professionals like Annie Bryan discover inside ...",https://www2.warwick.ac.uk/services/careers/contact/directory/bryan,Annie Bryan - University of Warwick,Name: Annie Bryan. Job title: Researcher Development Manager (interim) Student Careers & Skills team: Student Development. Email: a dot bryan at warwick dot ac dot uk
199,https://twitter.com/janebailey04,Jane Bailey (@janebailey04) | Twitter,"The latest Tweets from Jane Bailey (@janebailey04): ""I'm entered to win a #DoctorWho ""Eleventh Doctor"" 6.5"" vinyl from @TitanMerch &amp; @lootcrate! http://t.co ...",https://uk.linkedin.com/in/jane-bailey-7b011446,Jane Bailey | LinkedIn,"View Jane Bailey’s professional profile on LinkedIn. LinkedIn is the world's largest business network, helping professionals like Jane Bailey discover inside ..."
